ボード名,boardID,作成日時,アクセスURL
(ハイラブル連携テスト用)未来デザインチーム第4回練習用,uXjVOOSySec=,2022-02-10T06:14:57Z,https://miro.com/app/board/uXjVOOSySec=
2021-12-22マニフェストのワーク,uXjVOZLsLT4=,2021-12-22T02:28:55Z,https://miro.com/app/board/uXjVOZLsLT4=
20221026テスト,uXjVOSuH-rg=,2022-01-25T15:37:01Z,https://miro.com/app/board/uXjVOSuH-rg=
2023/11/1,uXjVNUhj0bc=,2023-10-30T06:07:44Z,https://miro.com/app/board/uXjVNUhj0bc=
20230119,uXjVPwyewbE=,2023-01-19T00:08:00Z,https://miro.com/app/board/uXjVPwyewbE=
20230123_1-1B0,uXjVPv9klNw=,2023-01-23T03:02:24Z,https://miro.com/app/board/uXjVPv9klNw=
20230123_1-2C1,uXjVPtuKkXE=,2023-01-26T21:31:18Z,https://miro.com/app/board/uXjVPtuKkXE=
20230123_1-3A2,uXjVPtuKkFc=,2023-01-26T21:21:29Z,https://miro.com/app/board/uXjVPtuKkFc=
20230123_2-1A×,uXjVPv9klMw=,2023-01-23T03:00:47Z,https://miro.com/app/board/uXjVPv9klMw=
20230123_2-2B△,uXjVPv9klJ4=,2023-01-23T03:05:27Z,https://miro.com/app/board/uXjVPv9klJ4=
20230123_2-3C2,uXjVPtuKkVk=,2023-01-26T21:30:41Z,https://miro.com/app/board/uXjVPtuKkVk=
20230123_3-1C0,uXjVPtuKkUo=,2023-01-26T21:29:41Z,https://miro.com/app/board/uXjVPtuKkUo=
20230123_3-2A1,uXjVPv-G_0o=,2023-01-23T01:28:46Z,https://miro.com/app/board/uXjVPv-G_0o=
20230123_3-3B2,uXjVPtuKkOM=,2023-01-26T21:25:58Z,https://miro.com/app/board/uXjVPtuKkOM=
20230125 A1,uXjVPu0HKo8=,2023-01-25T00:07:00Z,https://miro.com/app/board/uXjVPu0HKo8=
20230125 A2,uXjVPu7j1VE=,2023-01-25T00:26:26Z,https://miro.com/app/board/uXjVPu7j1VE=
20230125 A3,uXjVPu7j1TA=,2023-01-25T00:29:49Z,https://miro.com/app/board/uXjVPu7j1TA=
20230125 B1,uXjVPu7j1cA=,2023-01-25T00:30:54Z,https://miro.com/app/board/uXjVPu7j1cA=
20230125 B2,uXjVPu7j1dQ=,2023-01-25T00:32:06Z,https://miro.com/app/board/uXjVPu7j1dQ=
20230125 B3,uXjVPu7j1e0=,2023-01-25T00:32:57Z,https://miro.com/app/board/uXjVPu7j1e0=
20230125 C1,uXjVPu7j1Zc=,2023-01-25T00:33:46Z,https://miro.com/app/board/uXjVPu7j1Zc=
20230125 C2,uXjVPu7j1aw=,2023-01-25T00:34:26Z,https://miro.com/app/board/uXjVPu7j1aw=
20230125 C3,uXjVPu7j1bI=,2023-01-25T00:35:03Z,https://miro.com/app/board/uXjVPu7j1bI=
20230125 D1,uXjVPu7jyl0=,2023-01-25T00:36:15Z,https://miro.com/app/board/uXjVPu7jyl0=
20230125 D2,uXjVPu7jyng=,2023-01-25T00:38:03Z,https://miro.com/app/board/uXjVPu7jyng=
20230125 D3,uXjVPu7jyhQ=,2023-01-25T00:38:48Z,https://miro.com/app/board/uXjVPu7jyhQ=
20230125 E1,uXjVPu7jyiU=,2023-01-25T00:39:26Z,https://miro.com/app/board/uXjVPu7jyiU=
20230125 E2,uXjVPu7jyjA=,2023-01-25T00:40:02Z,https://miro.com/app/board/uXjVPu7jyjA=
20230125 E3,uXjVPu7jysc=,2023-01-25T00:40:38Z,https://miro.com/app/board/uXjVPu7jysc=
20230125 F1,uXjVPu7jyuY=,2023-01-25T00:41:33Z,https://miro.com/app/board/uXjVPu7jyuY=
20230125 F2,uXjVPu7jyvM=,2023-01-25T00:42:23Z,https://miro.com/app/board/uXjVPu7jyvM=
20230125 F3,uXjVPu7jyvs=,2023-01-25T00:43:03Z,https://miro.com/app/board/uXjVPu7jyvs=
20230125satoA,uXjVPvJz8bE=,2023-01-23T14:08:58Z,https://miro.com/app/board/uXjVPvJz8bE=
20230125satoB,uXjVPvJJBy0=,2023-01-23T14:12:08Z,https://miro.com/app/board/uXjVPvJJBy0=
20230125satoC,uXjVPvJJB9s=,2023-01-23T14:12:48Z,https://miro.com/app/board/uXjVPvJJB9s=
20230125satoD,uXjVPvJJB5Q=,2023-01-23T14:13:32Z,https://miro.com/app/board/uXjVPvJJB5Q=
ABSA-like Knowledge Graph Example,uXjVPLv_Z2I=,2022-10-20T07:03:30Z,https://miro.com/app/board/uXjVPLv_Z2I=
B3興味分野,uXjVP7xnzaM=,2022-12-08T03:43:35Z,https://miro.com/app/board/uXjVP7xnzaM=
Backup of 未来デザインチーム グループ1,uXjVOLJ39ZU=,2022-02-21T00:41:30Z,https://miro.com/app/board/uXjVOLJ39ZU=
Backup of 未来デザインチーム グループ2,uXjVOLJyV0Y=,2022-02-21T00:42:03Z,https://miro.com/app/board/uXjVOLJyV0Y=
Backup of 未来デザインチーム グループ3,uXjVOMTP2Ro=,2022-02-17T03:53:10Z,https://miro.com/app/board/uXjVOMTP2Ro=
Backup of 未来デザインチーム グループ4,uXjVOMTB3LI=,2022-02-17T03:52:53Z,https://miro.com/app/board/uXjVOMTB3LI=
Backup of 未来デザインチーム グループ5,uXjVOLJh4_g=,2022-02-21T00:14:11Z,https://miro.com/app/board/uXjVOLJh4_g=
CfJSummit 2022 Hylableセッション,uXjVOaS7uaI=,2021-12-17T01:55:19Z,https://miro.com/app/board/uXjVOaS7uaI=
Copy of Untitled,uXjVP-Dx5vw=,2022-11-30T02:04:27Z,https://miro.com/app/board/uXjVP-Dx5vw=
Copy of 確認用,uXjVPttCfVQ=,2023-01-26T22:18:39Z,https://miro.com/app/board/uXjVPttCfVQ=
D-agreeデータ　共有用,uXjVPHdFH3Q=,2022-11-04T06:13:07Z,https://miro.com/app/board/uXjVPHdFH3Q=
Fact-Check実験用Board,uXjVPu6TZNU=,2023-01-25T03:33:31Z,https://miro.com/app/board/uXjVPu6TZNU=
High-Five-Project,uXjVMWk7B6I=,2023-04-03T04:47:12Z,https://miro.com/app/board/uXjVMWk7B6I=
JP HACKS,uXjVLOLL9GA=,2024-10-24T11:04:40Z,https://miro.com/app/board/uXjVLOLL9GA=
Mind Map,uXjVOJ-Jhdc=,2022-02-27T05:58:08Z,https://miro.com/app/board/uXjVOJ-Jhdc=
Mind Map,uXjVOJnjc7Q=,2022-02-25T01:00:33Z,https://miro.com/app/board/uXjVOJnjc7Q=
TA大囿研・大塚研 アイデア出し,uXjVPKpGdPA=,2022-10-24T02:15:24Z,https://miro.com/app/board/uXjVPKpGdPA=
TA森山研・白松研 アイデア出し,uXjVPKpGdd0=,2022-10-24T02:18:34Z,https://miro.com/app/board/uXjVPKpGdd0=
Team Plan Administration Features,uXjVOST9nHY=,2022-01-27T07:12:00Z,https://miro.com/app/board/uXjVOST9nHY=
Team Plan Apps & Integrations,uXjVOST9nGk=,2022-01-27T07:12:00Z,https://miro.com/app/board/uXjVOST9nGk=
Team Plan Core Features,uXjVOST9nG0=,2022-01-27T07:12:00Z,https://miro.com/app/board/uXjVOST9nG0=
Team Plan Essentials,uXjVOST9n40=,2022-01-27T07:11:58Z,https://miro.com/app/board/uXjVOST9n40=
UDC2020愛知ブロック キックオフ,o9J_khOe2bk=,2020-10-27T06:31:10Z,https://miro.com/app/board/o9J_khOe2bk=
Untitled,uXjVKyUeqOc=,2024-07-17T03:22:34Z,https://miro.com/app/board/uXjVKyUeqOc=
Untitled,uXjVNsqjsLw=,2024-02-15T08:01:45Z,https://miro.com/app/board/uXjVNsqjsLw=
Untitled,uXjVPfisv14=,2022-08-10T11:02:58Z,https://miro.com/app/board/uXjVPfisv14=
Untitled,uXjVOBWt25s=,2022-03-30T04:20:13Z,https://miro.com/app/board/uXjVOBWt25s=
User Story Mapping Framework,uXjVLJVhQyk=,2024-11-06T00:30:03Z,https://miro.com/app/board/uXjVLJVhQyk=
Webページ更新について,uXjVO0HAo7c=,2022-05-17T02:22:20Z,https://miro.com/app/board/uXjVO0HAo7c=
sunaba_0424_01,uXjVKQTf-wI=,2024-04-24T00:15:48Z,https://miro.com/app/board/uXjVKQTf-wI=
sunaba_0424_02,uXjVKQRGvdk=,2024-04-24T02:19:06Z,https://miro.com/app/board/uXjVKQRGvdk=
sunaba_0424_03,uXjVKQQt6rA=,2024-04-24T03:27:47Z,https://miro.com/app/board/uXjVKQQt6rA=
sunaba_0424_04,uXjVKQXOnp0=,2024-04-24T06:03:46Z,https://miro.com/app/board/uXjVKQXOnp0=
sunaba_test,uXjVKQsP_Hw=,2024-04-23T04:14:40Z,https://miro.com/app/board/uXjVKQsP_Hw=
test,o9J_lz-Ur-U=,2021-09-01T05:43:14Z,https://miro.com/app/board/o9J_lz-Ur-U=
もっと交流する場を増やすべきか？,uXjVOobJF3s=,2022-07-05T18:09:36Z,https://miro.com/app/board/uXjVOobJF3s=
グループ00 アイデア出し,uXjVPKrziOI=,2022-10-23T20:45:33Z,https://miro.com/app/board/uXjVPKrziOI=
グループ01 アイデア出し,uXjVPKrWDXg=,2022-10-23T21:08:11Z,https://miro.com/app/board/uXjVPKrWDXg=
グループ01 アイデア出し,uXjVPKrWDLE=,2022-10-23T21:07:28Z,https://miro.com/app/board/uXjVPKrWDLE=
グループ02 アイデア出し,uXjVPKrJsSM=,2022-10-23T21:05:38Z,https://miro.com/app/board/uXjVPKrJsSM=
グループ03 アイデア出し,uXjVPKrWDTM=,2022-10-23T21:09:11Z,https://miro.com/app/board/uXjVPKrWDTM=
グループ04 アイデア出し,uXjVPKrWDYM=,2022-10-23T21:13:31Z,https://miro.com/app/board/uXjVPKrWDYM=
グループ05 アイデア出し,uXjVPKrWAm8=,2022-10-23T21:16:48Z,https://miro.com/app/board/uXjVPKrWAm8=
グループ06 アイデア出し,uXjVPKrWA2w=,2022-10-23T21:38:47Z,https://miro.com/app/board/uXjVPKrWA2w=
グループ07 アイデア出し,uXjVPKrWAxM=,2022-10-23T21:40:05Z,https://miro.com/app/board/uXjVPKrWAxM=
グループ08 アイデア出し,uXjVPKrbC4s=,2022-10-23T21:40:49Z,https://miro.com/app/board/uXjVPKrbC4s=
グループ09 アイデア出し,uXjVPKrbC70=,2022-10-23T21:41:38Z,https://miro.com/app/board/uXjVPKrbC70=
グループ10 アイデア出し,uXjVPKrbCFk=,2022-10-23T21:42:39Z,https://miro.com/app/board/uXjVPKrbCFk=
グループ11 アイデア出し,uXjVPKrbCIg=,2022-10-23T21:43:34Z,https://miro.com/app/board/uXjVPKrbCIg=
グループ12 アイデア出し,uXjVPKrbCU8=,2022-10-23T21:44:33Z,https://miro.com/app/board/uXjVPKrbCU8=
グループ13 アイデア出し,uXjVPKrbCSQ=,2022-10-23T21:45:24Z,https://miro.com/app/board/uXjVPKrbCSQ=
グループ14 アイデア出し,uXjVPKrbCdo=,2022-10-23T21:46:11Z,https://miro.com/app/board/uXjVPKrbCdo=
グループ15 アイデア出し,uXjVPKrbCYg=,2022-10-23T21:46:55Z,https://miro.com/app/board/uXjVPKrbCYg=
グループワーク１(Group A),uXjVPHEh0vY=,2022-11-03T08:41:56Z,https://miro.com/app/board/uXjVPHEh0vY=
グループワーク１(Group B),uXjVPHdgT_Y=,2022-11-04T05:38:13Z,https://miro.com/app/board/uXjVPHdgT_Y=
グループワーク１(Group C),uXjVPHdgT6E=,2022-11-04T05:40:42Z,https://miro.com/app/board/uXjVPHdgT6E=
グループワーク２(Group A),uXjVPHdMKnw=,2022-11-04T05:43:25Z,https://miro.com/app/board/uXjVPHdMKnw=
グループワーク２(Group B),uXjVPHdMKiA=,2022-11-04T05:45:28Z,https://miro.com/app/board/uXjVPHdMKiA=
グループワーク２(Group C),uXjVPHdMKik=,2022-11-04T05:45:44Z,https://miro.com/app/board/uXjVPHdMKik=
グループワーク３(Group A),uXjVPHdMKsM=,2022-11-04T05:46:37Z,https://miro.com/app/board/uXjVPHdMKsM=
グループワーク３(Group B),uXjVPHdMKtg=,2022-11-04T05:48:23Z,https://miro.com/app/board/uXjVPHdMKtg=
グループワーク３(Group C),uXjVPHdMKuE=,2022-11-04T05:48:36Z,https://miro.com/app/board/uXjVPHdMKuE=
コピペ用,uXjVON_P9ng=,2022-02-12T11:58:58Z,https://miro.com/app/board/uXjVON_P9ng=
コミュニティ創成特論Bの授業設計を考える,uXjVM0iCjdM=,2023-07-19T07:35:38Z,https://miro.com/app/board/uXjVM0iCjdM=
シビックテック特論2023MissionForest,uXjVM4-p39Y=,2023-07-06T02:35:40Z,https://miro.com/app/board/uXjVM4-p39Y=
シビックテック特論2024MissionForest,uXjVK3rI8qk=,2024-06-27T00:20:24Z,https://miro.com/app/board/uXjVK3rI8qk=
シビックテック特論MissionForest,uXjVOnx5R2M=,2022-07-07T03:17:21Z,https://miro.com/app/board/uXjVOnx5R2M=
スナバ仮説,uXjVMoLjghA=,2023-09-05T06:37:54Z,https://miro.com/app/board/uXjVMoLjghA=
ゼミの運営について,uXjVOobCoA4=,2022-07-05T17:58:33Z,https://miro.com/app/board/uXjVOobCoA4=
テスト用,uXjVP8g3IoU=,2022-12-05T07:02:56Z,https://miro.com/app/board/uXjVP8g3IoU=
フィリップさん研究方針,uXjVOKje4Bk=,2022-02-22T02:38:50Z,https://miro.com/app/board/uXjVOKje4Bk=
メタ認知をSA上の議論から推定するには,uXjVPcqs9cs=,2022-08-24T08:10:09Z,https://miro.com/app/board/uXjVPcqs9cs=
ルールメイキング,uXjVP-Dx5sA=,2022-11-30T02:01:33Z,https://miro.com/app/board/uXjVP-Dx5sA=
佐藤君システムテスト用2,uXjVNFx8iUM=,2023-12-07T06:00:33Z,https://miro.com/app/board/uXjVNFx8iUM=
佐藤君システムテスト用3,uXjVN3bRSvg=,2024-01-22T00:27:12Z,https://miro.com/app/board/uXjVN3bRSvg=
卒研システムの概要,uXjVKlkAdF8=,2024-08-27T01:58:31Z,https://miro.com/app/board/uXjVKlkAdF8=
名古屋市ワークショップ_グループ１,uXjVNxOSfuw=,2024-02-05T05:23:47Z,https://miro.com/app/board/uXjVNxOSfuw=
名古屋市ワークショップ_グループ２,uXjVNxOSfoA=,2024-02-05T05:24:45Z,https://miro.com/app/board/uXjVNxOSfoA=
名古屋市ワークショップ_グループ３,uXjVNxOSfqo=,2024-02-05T05:25:37Z,https://miro.com/app/board/uXjVNxOSfqo=
名古屋市ワークショップ_グループ４,uXjVNxOSfr4=,2024-02-05T05:25:46Z,https://miro.com/app/board/uXjVNxOSfr4=
名古屋市ワークショップ_グループ５,uXjVNxOSf1U=,2024-02-05T05:26:24Z,https://miro.com/app/board/uXjVNxOSf1U=
名古屋市ワークショップ_グループ６,uXjVNxOSf2U=,2024-02-05T05:26:40Z,https://miro.com/app/board/uXjVNxOSf2U=
困窮要因オントロジー,uXjVPxiSHJg=,2023-01-16T08:25:46Z,https://miro.com/app/board/uXjVPxiSHJg=
天白区ワークショップ,uXjVP6w8qLQ=,2022-12-12T07:03:03Z,https://miro.com/app/board/uXjVP6w8qLQ=
天白区ワークショップ,uXjVP5r_SVU=,2022-12-14T04:21:09Z,https://miro.com/app/board/uXjVP5r_SVU=
天白区ワークショップ,uXjVP6w8qHw=,2022-12-12T06:58:57Z,https://miro.com/app/board/uXjVP6w8qHw=
天白区ワークショップ,uXjVP6w8qCU=,2022-12-12T07:00:52Z,https://miro.com/app/board/uXjVP6w8qCU=
天白区ワークショップ,uXjVP6w8qNo=,2022-12-12T07:01:58Z,https://miro.com/app/board/uXjVP6w8qNo=
天白区ワークショップ,uXjVP6w8qVc=,2022-12-12T07:03:47Z,https://miro.com/app/board/uXjVP6w8qVc=
天白区ワークショップ,uXjVP5r_SOw=,2022-12-14T04:14:56Z,https://miro.com/app/board/uXjVP5r_SOw=
天白区ワークショップ,uXjVP5r_SWQ=,2022-12-14T04:21:58Z,https://miro.com/app/board/uXjVP5r_SWQ=
天白区ワークショップ,uXjVP6w8qL4=,2022-12-12T07:03:16Z,https://miro.com/app/board/uXjVP6w8qL4=
天白区ワークショップ,uXjVP5r_SDM=,2022-12-14T04:11:29Z,https://miro.com/app/board/uXjVP5r_SDM=
天白区ワークショップ,uXjVP5r_SQQ=,2022-12-14T04:22:55Z,https://miro.com/app/board/uXjVP5r_SQQ=
天白区ワークショップ,uXjVP5r_SII=,2022-12-14T04:16:11Z,https://miro.com/app/board/uXjVP5r_SII=
子供マルシェ,uXjVOvtSsks=,2022-06-03T02:31:22Z,https://miro.com/app/board/uXjVOvtSsks=
子供マルシェ談話用,uXjVOtOFr_4=,2022-06-14T00:59:45Z,https://miro.com/app/board/uXjVOtOFr_4=
対話コンペワーキンググループ,uXjVLPY1HBs=,2024-10-23T03:13:06Z,https://miro.com/app/board/uXjVLPY1HBs=
市民共創知研究会の今後の展開を考える,uXjVMJ8_p9g=,2023-05-12T09:50:16Z,https://miro.com/app/board/uXjVMJ8_p9g=
役員の負担軽減のための見直しや効率化,uXjVP8-HGM4=,2022-12-06T05:56:25Z,https://miro.com/app/board/uXjVP8-HGM4=
役員の負担軽減のための見直しや効率化,uXjVP8-HGL0=,2022-12-06T06:00:56Z,https://miro.com/app/board/uXjVP8-HGL0=
役員の負担軽減のための見直しや効率化,uXjVP8-HGKo=,2022-12-06T06:00:27Z,https://miro.com/app/board/uXjVP8-HGKo=
役員の負担軽減のための見直しや効率化,uXjVP8-HGJQ=,2022-12-06T05:59:16Z,https://miro.com/app/board/uXjVP8-HGJQ=
役員の負担軽減のための見直しや効率化,uXjVP8-HGUE=,2022-12-06T06:01:25Z,https://miro.com/app/board/uXjVP8-HGUE=
役員の負担軽減のための見直しや効率化,uXjVP89nIJY=,2022-12-06T06:01:54Z,https://miro.com/app/board/uXjVP89nIJY=
役員の負担軽減のための見直しや効率化,uXjVP8-HGJo=,2022-12-06T05:59:40Z,https://miro.com/app/board/uXjVP8-HGJo=
役員の負担軽減のための見直しや効率化,uXjVP8-HGKM=,2022-12-06T06:00:01Z,https://miro.com/app/board/uXjVP8-HGKM=
後継者・新たな担い手の確保,uXjVP8-HGC4=,2022-12-06T05:55:29Z,https://miro.com/app/board/uXjVP8-HGC4=
後継者・新たな担い手の確保,uXjVP8iM6Lc=,2022-12-05T03:42:13Z,https://miro.com/app/board/uXjVP8iM6Lc=
後継者・新たな担い手の確保,uXjVP8-HGHQ=,2022-12-06T05:52:51Z,https://miro.com/app/board/uXjVP8-HGHQ=
後継者・新たな担い手の確保,uXjVP8-HG6o=,2022-12-06T05:46:59Z,https://miro.com/app/board/uXjVP8-HG6o=
後継者・新たな担い手の確保,uXjVP8-HGFU=,2022-12-06T05:52:07Z,https://miro.com/app/board/uXjVP8-HGFU=
後継者・新たな担い手の確保,uXjVP8-HGBs=,2022-12-06T05:54:58Z,https://miro.com/app/board/uXjVP8-HGBs=
後継者・新たな担い手の確保,uXjVP8-HGAk=,2022-12-06T05:54:03Z,https://miro.com/app/board/uXjVP8-HGAk=
後継者・新たな担い手の確保,uXjVP8-HGAI=,2022-12-06T05:53:23Z,https://miro.com/app/board/uXjVP8-HGAI=
後継者・新たな担い手の確保,uXjVP8-HGD4=,2022-12-06T05:55:55Z,https://miro.com/app/board/uXjVP8-HGD4=
未来デザインチーム グループ1,uXjVOMTpznQ=,2022-02-17T03:10:06Z,https://miro.com/app/board/uXjVOMTpznQ=
未来デザインチーム グループ2,uXjVOMTz2vQ=,2022-02-17T03:20:00Z,https://miro.com/app/board/uXjVOMTz2vQ=
未来デザインチーム グループ3,uXjVONHCym8=,2022-02-13T13:26:59Z,https://miro.com/app/board/uXjVONHCym8=
未来デザインチーム グループ4,uXjVONHCysw=,2022-02-13T13:28:23Z,https://miro.com/app/board/uXjVONHCysw=
未来デザインチーム グループ5,uXjVOMT6JJk=,2022-02-17T03:32:23Z,https://miro.com/app/board/uXjVOMT6JJk=
未来デザインチーム チェックイン,uXjVONK6f8g=,2022-02-14T00:49:17Z,https://miro.com/app/board/uXjVONK6f8g=
未来デザインチーム第4回練習用,uXjVOO2DWHk=,2022-02-08T23:23:27Z,https://miro.com/app/board/uXjVOO2DWHk=
検定法,uXjVLVXFi_Q=,2024-10-09T05:57:42Z,https://miro.com/app/board/uXjVLVXFi_Q=
江南市WSてすと,uXjVPB61Vss=,2022-11-21T09:18:06Z,https://miro.com/app/board/uXjVPB61Vss=
無題,uXjVLv0IRo4=,2025-01-10T03:59:08Z,https://miro.com/app/board/uXjVLv0IRo4=
白松研のフォーラムをつくるには？,uXjVOEhdHjk=,2022-03-16T04:39:15Z,https://miro.com/app/board/uXjVOEhdHjk=
白松研新法人,uXjVMlthKV4=,2023-09-13T02:26:40Z,https://miro.com/app/board/uXjVMlthKV4=
研ロテ220705MissionForest,uXjVOoPgp5Q=,2022-07-05T06:50:45Z,https://miro.com/app/board/uXjVOoPgp5Q=
研究室ルールのある未来・ない未来 (1),uXjVMzQUSJk=,2023-07-26T03:43:57Z,https://miro.com/app/board/uXjVMzQUSJk=
研究室ルールのある未来・ない未来 (2),uXjVMzQUSdg=,2023-07-26T03:51:08Z,https://miro.com/app/board/uXjVMzQUSdg=
研究室ルールメイキング,uXjVPS19vmo=,2022-09-28T04:28:50Z,https://miro.com/app/board/uXjVPS19vmo=
確認用,uXjVPu67iUk=,2023-01-25T03:26:20Z,https://miro.com/app/board/uXjVPu67iUk=
論文ストーリー決め,uXjVPrSFyUc=,2023-02-03T05:19:17Z,https://miro.com/app/board/uXjVPrSFyUc=
議論実験（メタルール）,uXjVOrm5MWs=,2022-06-20T01:09:38Z,https://miro.com/app/board/uXjVOrm5MWs=
音声コーパスを基に構造化例,uXjVP49RLR4=,2022-12-19T05:37:05Z,https://miro.com/app/board/uXjVP49RLR4=
